Rank,Name,Ethnicity,Nationality,Measurements,Bra Size,Boobs,Boobpedia URL,Response Codes
1, Mia Malkova,,,,,,http://boobpedia.com/boobs/Mia_Malkova,<Response [200]>
2, Lana Rhoades,,,,,,http://boobpedia.com/boobs/Lana_Rhoades,<Response [200]>
3, Abella Danger,,,,,,http://boobpedia.com/boobs/Abella_Danger,<Response [200]>
4, Nikki Benz,,,,,,http://boobpedia.com/boobs/Nikki_Benz,<Response [200]>
5, Angela White,,,,,,http://boobpedia.com/boobs/Angela_White,<Response [200]>
6, Sophie Dee,,,,,,http://boobpedia.com/boobs/Sophie_Dee,<Response [200]>
7, Nicole Aniston,,,,,,http://boobpedia.com/boobs/Nicole_Aniston,<Response [200]>
8, Kendra Sunderland,,,,,,http://boobpedia.com/boobs/Kendra_Sunderland,<Response [200]>
9, Sara Jay,,,,,,http://boobpedia.com/boobs/Sara_Jay,<Response [200]>
10, Romi Rain,,,,,,http://boobpedia.com/boobs/Romi_Rain,<Response [200]>
11, Alexis Texas,,,,,,http://boobpedia.com/boobs/Alexis_Texas,<Response [200]>
12, Valentina Nappi,,,,,,http://boobpedia.com/boobs/Valentina_Nappi,<Response [200]>
13, Elsa Jean,,,,,,http://boobpedia.com/boobs/Elsa_Jean,<Response [404]>
14, Adriana Chechik,,,,,,http://boobpedia.com/boobs/Adriana_Chechik,<Response [404]>
15, Dani Daniels,,,,,,http://boobpedia.com/boobs/Dani_Daniels,<Response [200]>
16, Riley Reid,,,,,,http://boobpedia.com/boobs/Riley_Reid,<Response [404]>
17, Asa Akira,,,,,,http://boobpedia.com/boobs/Asa_Akira,<Response [200]>
18, Tori Black,,,,,,http://boobpedia.com/boobs/Tori_Black,<Response [404]>
19, Madison Ivy,,,,,,http://boobpedia.com/boobs/Madison_Ivy,<Response [200]>
20, Gina Valentina,,,,,,http://boobpedia.com/boobs/Gina_Valentina,<Response [404]>
21, Julia Ann,,,,,,http://boobpedia.com/boobs/Julia_Ann,<Response [200]>
22, Brandi Love,,,,,,http://boobpedia.com/boobs/Brandi_Love,<Response [404]>
23, Veronica Rodriguez,,,,,,http://boobpedia.com/boobs/Veronica_Rodriguez,<Response [404]>
24, Rachel Starr,,,,,,http://boobpedia.com/boobs/Rachel_Starr,<Response [200]>
25, Maitland Ward,,,,,,http://boobpedia.com/boobs/Maitland_Ward,<Response [200]>
26, Karlee Grey,,,,,,http://boobpedia.com/boobs/Karlee_Grey,<Response [200]>
27, Jayden Jaymes,,,,,,http://boobpedia.com/boobs/Jayden_Jaymes,<Response [200]>
28, Teanna Trump,,,,,,http://boobpedia.com/boobs/Teanna_Trump,<Response [200]>
29, Alina Lopez,,,,,,http://boobpedia.com/boobs/Alina_Lopez,<Response [200]>
30, Kimmy Granger,,,,,,http://boobpedia.com/boobs/Kimmy_Granger,<Response [404]>
31, Aletta Ocean,,,,,,http://boobpedia.com/boobs/Aletta_Ocean,<Response [200]>
32, Eva Lovia,,,,,,http://boobpedia.com/boobs/Eva_Lovia,<Response [200]>
33, Alexis Fawx,,,,,,http://boobpedia.com/boobs/Alexis_Fawx,<Response [200]>
34, Vicky Vette,,,,,,http://boobpedia.com/boobs/Vicky_Vette,<Response [200]>
35, Emily Willis,,,,,,http://boobpedia.com/boobs/Emily_Willis,<Response [404]>
36, Autumn Falls,,,,,,http://boobpedia.com/boobs/Autumn_Falls,<Response [200]>
37, Stormy Daniels,,,,,,http://boobpedia.com/boobs/Stormy_Daniels,<Response [200]>
38, Jessa Rhodes,,,,,,http://boobpedia.com/boobs/Jessa_Rhodes,<Response [200]>
39, Cherie Deville,,,,,,http://boobpedia.com/boobs/Cherie_Deville,<Response [404]>
40, Dillion Harper,,,,,,http://boobpedia.com/boobs/Dillion_Harper,<Response [200]>
41, Gianna Dior,,,,,,http://boobpedia.com/boobs/Gianna_Dior,<Response [200]>
42, Nikki Delano,,,,,,http://boobpedia.com/boobs/Nikki_Delano,<Response [200]>
43, Jesse Jane,,,,,,http://boobpedia.com/boobs/Jesse_Jane,<Response [200]>
44, Carter Cruise,,,,,,http://boobpedia.com/boobs/Carter_Cruise,<Response [200]>
45, Kayden Kross,,,,,,http://boobpedia.com/boobs/Kayden_Kross,<Response [200]>
46, Tanya Tate,,,,,,http://boobpedia.com/boobs/Tanya_Tate,<Response [200]>
47, Ariana Marie,,,,,,http://boobpedia.com/boobs/Ariana_Marie,<Response [200]>
48, Samantha Saint,,,,,,http://boobpedia.com/boobs/Samantha_Saint,<Response [200]>
49, Kenzie Reeves,,,,,,http://boobpedia.com/boobs/Kenzie_Reeves,<Response [404]>
50, Gabbie Carter,,,,,,http://boobpedia.com/boobs/Gabbie_Carter,<Response [200]>
51, Natalia Starr,,,,,,http://boobpedia.com/boobs/Natalia_Starr,<Response [200]>
52, Jada Stevens,,,,,,http://boobpedia.com/boobs/Jada_Stevens,<Response [200]>
53, Nina Hartley,,,,,,http://boobpedia.com/boobs/Nina_Hartley,<Response [200]>
54, Piper Perri,,,,,,http://boobpedia.com/boobs/Piper_Perri,<Response [404]>
55, Vicki Chase,,,,,,http://boobpedia.com/boobs/Vicki_Chase,<Response [200]>
56, Moriah Mills,,,,,,http://boobpedia.com/boobs/Moriah_Mills,<Response [200]>
57, Kiara Mia,,,,,,http://boobpedia.com/boobs/Kiara_Mia,<Response [200]>
58, Phoenix Marie,,,,,,http://boobpedia.com/boobs/Phoenix_Marie,<Response [200]>
59, Rose Monroe,,,,,,http://boobpedia.com/boobs/Rose_Monroe,<Response [200]>
60, Eva Notty,,,,,,http://boobpedia.com/boobs/Eva_Notty,<Response [404]>
61, Kissa Sins,,,,,,http://boobpedia.com/boobs/Kissa_Sins,<Response [200]>
62, Luna Star,,,,,,http://boobpedia.com/boobs/Luna_Star,<Response [200]>
63, Kaylani Lei,,,,,,http://boobpedia.com/boobs/Kaylani_Lei,<Response [200]>
64, Whitney Wright,,,,,,http://boobpedia.com/boobs/Whitney_Wright,<Response [404]>
65, Aaliyah Hadid,,,,,,http://boobpedia.com/boobs/Aaliyah_Hadid,<Response [200]>
66, Gianna Michaels,,,,,,http://boobpedia.com/boobs/Gianna_Michaels,<Response [200]>
67, Bonnie Rotten,,,,,,http://boobpedia.com/boobs/Bonnie_Rotten,<Response [200]>
68, Joanna Angel,,,,,,http://boobpedia.com/boobs/Joanna_Angel,<Response [200]>
69, Alura Jenson,,,,,,http://boobpedia.com/boobs/Alura_Jenson,<Response [200]>
70, Bridgette B,,,,,,http://boobpedia.com/boobs/Bridgette_B,<Response [200]>
71, Lela Star,,,,,,http://boobpedia.com/boobs/Lela_Star,<Response [200]>
72, Raven Bay,,,,,,http://boobpedia.com/boobs/Raven_Bay,<Response [200]>
73, Riley Steele,,,,,,http://boobpedia.com/boobs/Riley_Steele,<Response [200]>
74, Kali Roses,,,,,,http://boobpedia.com/boobs/Kali_Roses,<Response [200]>
75, Natasha Nice,,,,,,http://boobpedia.com/boobs/Natasha_Nice,<Response [200]>
76, Sarah Vandella,,,,,,http://boobpedia.com/boobs/Sarah_Vandella,<Response [200]>
77, Jill Kassidy,,,,,,http://boobpedia.com/boobs/Jill_Kassidy,<Response [404]>
78, Tiffany Watson,,,,,,http://boobpedia.com/boobs/Tiffany_Watson,<Response [200]>
79, Kirsten Price,,,,,,http://boobpedia.com/boobs/Kirsten_Price,<Response [200]>
80, Skyla Novea,,,,,,http://boobpedia.com/boobs/Skyla_Novea,<Response [200]>
81, Richelle Ryan,,,,,,http://boobpedia.com/boobs/Richelle_Ryan,<Response [200]>
82, Janice Griffith,,,,,,http://boobpedia.com/boobs/Janice_Griffith,<Response [404]>
83, Sheena Ryder,,,,,,http://boobpedia.com/boobs/Sheena_Ryder,<Response [404]>
84, Tina Kay,,,,,,http://boobpedia.com/boobs/Tina_Kay,<Response [200]>
85, Mandy Muse,,,,,,http://boobpedia.com/boobs/Mandy_Muse,<Response [404]>
86, Sheila Ortega,,,,,,http://boobpedia.com/boobs/Sheila_Ortega,<Response [200]>
87, Blair Williams,,,,,,http://boobpedia.com/boobs/Blair_Williams,<Response [200]>
88, Eliza Ibarra,,,,,,http://boobpedia.com/boobs/Eliza_Ibarra,<Response [404]>
89, Veronica Avluv,,,,,,http://boobpedia.com/boobs/Veronica_Avluv,<Response [200]>
90, Scarlett Sage,,,,,,http://boobpedia.com/boobs/Scarlett_Sage,<Response [404]>
91, Katrina Jade,,,,,,http://boobpedia.com/boobs/Katrina_Jade,<Response [200]>
92, Sinn Sage,,,,,,http://boobpedia.com/boobs/Sinn_Sage,<Response [404]>
93, Julie Cash,,,,,,http://boobpedia.com/boobs/Julie_Cash,<Response [200]>
94, Lisa Ann,,,,,,http://boobpedia.com/boobs/Lisa_Ann,<Response [200]>
95, Anya Olsen,,,,,,http://boobpedia.com/boobs/Anya_Olsen,<Response [404]>
96, Karmen Karma,,,,,,http://boobpedia.com/boobs/Karmen_Karma,<Response [200]>
97, Nyomi Banxxx,,,,,,http://boobpedia.com/boobs/Nyomi_Banxxx,<Response [200]>
98, Naomi Woods,,,,,,http://boobpedia.com/boobs/Naomi_Woods,<Response [404]>
99, Victoria June,,,,,,http://boobpedia.com/boobs/Victoria_June,<Response [200]>
100, Gina Gerson,,,,,,http://boobpedia.com/boobs/Gina_Gerson,<Response [404]>
101, Marley Brinx,,,,,,http://boobpedia.com/boobs/Marley_Brinx,<Response [404]>
102, Francesca Le,,,,,,http://boobpedia.com/boobs/Francesca_Le,<Response [200]>
103, Zoey Monroe,,,,,,http://boobpedia.com/boobs/Zoey_Monroe,<Response [404]>
104, Jaclyn Taylor,,,,,,http://boobpedia.com/boobs/Jaclyn_Taylor,<Response [200]>
105, Molly Stewart,,,,,,http://boobpedia.com/boobs/Molly_Stewart,<Response [200]>
106, Jelena Jensen,,,,,,http://boobpedia.com/boobs/Jelena_Jensen,<Response [200]>
107, Melody Marks,,,,,,http://boobpedia.com/boobs/Melody_Marks,<Response [200]>
108, Kesha Ortega,,,,,,http://boobpedia.com/boobs/Kesha_Ortega,<Response [200]>
109, Jayden Cole,,,,,,http://boobpedia.com/boobs/Jayden_Cole,<Response [200]>
110, Shyla Jennings,,,,,,http://boobpedia.com/boobs/Shyla_Jennings,<Response [404]>
111, Kira Noir,,,,,,http://boobpedia.com/boobs/Kira_Noir,<Response [404]>
112, Kelly Divine,,,,,,http://boobpedia.com/boobs/Kelly_Divine,<Response [200]>
113, Ella Hughes,,,,,,http://boobpedia.com/boobs/Ella_Hughes,<Response [200]>
114, Misha Cross,,,,,,http://boobpedia.com/boobs/Misha_Cross,<Response [404]>
115, Stella Cox,,,,,,http://boobpedia.com/boobs/Stella_Cox,<Response [200]>
116, Noelle Easton,,,,,,http://boobpedia.com/boobs/Noelle_Easton,<Response [200]>
117, Valentina Jewels,,,,,,http://boobpedia.com/boobs/Valentina_Jewels,<Response [200]>
118, Mia Melano,,,,,,http://boobpedia.com/boobs/Mia_Melano,<Response [200]>
119, Jessica Drake,,,,,,http://boobpedia.com/boobs/Jessica_Drake,<Response [200]>
120, Sheridan Love,,,,,,http://boobpedia.com/boobs/Sheridan_Love,<Response [200]>
121, AJ Applegate,,,,,,http://boobpedia.com/boobs/AJ_Applegate,<Response [404]>
122, Kenna James,,,,,,http://boobpedia.com/boobs/Kenna_James,<Response [404]>
123, Syren Demer,,,,,,http://boobpedia.com/boobs/Syren_Demer,<Response [200]>
124, Lauren Phillips,,,,,,http://boobpedia.com/boobs/Lauren_Phillips,<Response [200]>
125, Lady Dee,,,,,,http://boobpedia.com/boobs/Lady_Dee,<Response [404]>
126, Gabriella Paltrova,,,,,,http://boobpedia.com/boobs/Gabriella_Paltrova,<Response [404]>
127, Karla Kush,,,,,,http://boobpedia.com/boobs/Karla_Kush,<Response [404]>
128, Katie Morgan,,,,,,http://boobpedia.com/boobs/Katie_Morgan,<Response [200]>
129, Kayla Kayden,,,,,,http://boobpedia.com/boobs/Kayla_Kayden,<Response [200]>
130, Skin Diamond,,,,,,http://boobpedia.com/boobs/Skin_Diamond,<Response [404]>
131, Riley Reyes,,,,,,http://boobpedia.com/boobs/Riley_Reyes,<Response [404]>
132, Misty Stone,,,,,,http://boobpedia.com/boobs/Misty_Stone,<Response [404]>
133, Khloe Kapri,,,,,,http://boobpedia.com/boobs/Khloe_Kapri,<Response [404]>
134, Jane Wilde,,,,,,http://boobpedia.com/boobs/Jane_Wilde,<Response [404]>
135, Athena Faris,,,,,,http://boobpedia.com/boobs/Athena_Faris,<Response [404]>
136, Kelly Madison,,,,,,http://boobpedia.com/boobs/Kelly_Madison,<Response [200]>
137, Kenzie Taylor,,,,,,http://boobpedia.com/boobs/Kenzie_Taylor,<Response [200]>
138, Maddy O Reilly,,,,,,http://boobpedia.com/boobs/Maddy_O_Reilly,<Response [404]>
139, Uma Jolie,,,,,,http://boobpedia.com/boobs/Uma_Jolie,<Response [404]>
140, Joslyn James,,,,,,http://boobpedia.com/boobs/Joslyn_James,<Response [200]>
141, Penny Pax,,,,,,http://boobpedia.com/boobs/Penny_Pax,<Response [200]>
142, Ivy Lebelle,,,,,,http://boobpedia.com/boobs/Ivy_Lebelle,<Response [200]>
143, Lena Nitro,,,,,,http://boobpedia.com/boobs/Lena_Nitro,<Response [200]>
144, Anikka Albrite,,,,,,http://boobpedia.com/boobs/Anikka_Albrite,<Response [404]>
145, Krissy Lynn,,,,,,http://boobpedia.com/boobs/Krissy_Lynn,<Response [200]>
146, Darcie Dolce,,,,,,http://boobpedia.com/boobs/Darcie_Dolce,<Response [200]>
147, Kristina Rose,,,,,,http://boobpedia.com/boobs/Kristina_Rose,<Response [404]>
148, Maya Bijou,,,,,,http://boobpedia.com/boobs/Maya_Bijou,<Response [404]>
149, Aaliyah Love,,,,,,http://boobpedia.com/boobs/Aaliyah_Love,<Response [404]>
150, Jessie Volt,,,,,,http://boobpedia.com/boobs/Jessie_Volt,<Response [404]>
151, Nina North,,,,,,http://boobpedia.com/boobs/Nina_North,<Response [200]>
152, Jordi Pollo,,,,,,http://boobpedia.com/boobs/Jordi_Pollo,<Response [404]>
153, Anny Aurora,,,,,,http://boobpedia.com/boobs/Anny_Aurora,<Response [200]>
154, Jillian Janson,,,,,,http://boobpedia.com/boobs/Jillian_Janson,<Response [200]>
155, Paige Owens,,,,,,http://boobpedia.com/boobs/Paige_Owens,<Response [404]>
156, Britney Amber,,,,,,http://boobpedia.com/boobs/Britney_Amber,<Response [200]>
157, Abigail Mac,,,,,,http://boobpedia.com/boobs/Abigail_Mac,<Response [200]>
158, Lily LaBeau,,,,,,http://boobpedia.com/boobs/Lily_LaBeau,<Response [200]>
159, Georgia Jones,,,,,,http://boobpedia.com/boobs/Georgia_Jones,<Response [404]>
160, Kendra Spade,,,,,,http://boobpedia.com/boobs/Kendra_Spade,<Response [200]>
161, Gia Paige,,,,,,http://boobpedia.com/boobs/Gia_Paige,<Response [404]>
162, Sydney Cole,,,,,,http://boobpedia.com/boobs/Sydney_Cole,<Response [404]>
163, Lana Rain,,,,,,http://boobpedia.com/boobs/Lana_Rain,<Response [200]>
164, Brooklyn Chase,,,,,,http://boobpedia.com/boobs/Brooklyn_Chase,<Response [200]>
165, Rebecca Volpetti,,,,,,http://boobpedia.com/boobs/Rebecca_Volpetti,<Response [404]>
166, Morgan Lee,,,,,,http://boobpedia.com/boobs/Morgan_Lee,<Response [200]>
167, Julia Roca,,,,,,http://boobpedia.com/boobs/Julia_Roca,<Response [404]>
168, Chanel Preston,,,,,,http://boobpedia.com/boobs/Chanel_Preston,<Response [200]>
169, Jodi West,,,,,,http://boobpedia.com/boobs/Jodi_West,<Response [200]>
170, Lacy Lennon,,,,,,http://boobpedia.com/boobs/Lacy_Lennon,<Response [404]>
171, Shooting Star,,,,,,http://boobpedia.com/boobs/Shooting_Star,<Response [404]>
172, Emma Hix,,,,,,http://boobpedia.com/boobs/Emma_Hix,<Response [404]>
173, Aidra Fox,,,,,,http://boobpedia.com/boobs/Aidra_Fox,<Response [200]>
174, Sarah Jessie,,,,,,http://boobpedia.com/boobs/Sarah_Jessie,<Response [200]>
175, Alexis Monroe,,,,,,http://boobpedia.com/boobs/Alexis_Monroe,<Response [200]>
176, Rharri Rhound,,,,,,http://boobpedia.com/boobs/Rharri_Rhound,<Response [404]>
177, Samantha Rone,,,,,,http://boobpedia.com/boobs/Samantha_Rone,<Response [200]>
178, Lena Paul,,,,,,http://boobpedia.com/boobs/Lena_Paul,<Response [200]>
179, Kimber James,,,,,,http://boobpedia.com/boobs/Kimber_James,<Response [200]>
180, Holly Hendrix,,,,,,http://boobpedia.com/boobs/Holly_Hendrix,<Response [404]>
181, Nia Nacci,,,,,,http://boobpedia.com/boobs/Nia_Nacci,<Response [200]>
182, Claudia Marie,,,,,,http://boobpedia.com/boobs/Claudia_Marie,<Response [200]>
183, Canela Skin,,,,,,http://boobpedia.com/boobs/Canela_Skin,<Response [200]>
184, Jennifer White,,,,,,http://boobpedia.com/boobs/Jennifer_White,<Response [200]>
185, Brett Rossi,,,,,,http://boobpedia.com/boobs/Brett_Rossi,<Response [200]>
186, Dana DeArmond,,,,,,http://boobpedia.com/boobs/Dana_DeArmond,<Response [200]>
187, Amirah Adara,,,,,,http://boobpedia.com/boobs/Amirah_Adara,<Response [404]>
188, Jojo Kiss,,,,,,http://boobpedia.com/boobs/Jojo_Kiss,<Response [200]>
189, Elena Koshka,,,,,,http://boobpedia.com/boobs/Elena_Koshka,<Response [404]>
190, Evelyn Claire,,,,,,http://boobpedia.com/boobs/Evelyn_Claire,<Response [404]>
191, Tia Cyrus,,,,,,http://boobpedia.com/boobs/Tia_Cyrus,<Response [200]>
192, Kenzie Madison,,,,,,http://boobpedia.com/boobs/Kenzie_Madison,<Response [404]>
193, Chloe Cherry,,,,,,http://boobpedia.com/boobs/Chloe_Cherry,<Response [404]>
194, Scarlit Scandal,,,,,,http://boobpedia.com/boobs/Scarlit_Scandal,<Response [404]>
195, Casey Calvert,,,,,,http://boobpedia.com/boobs/Casey_Calvert,<Response [404]>
196, Cali Carter,,,,,,http://boobpedia.com/boobs/Cali_Carter,<Response [200]>
197, Ella Knox,,,,,,http://boobpedia.com/boobs/Ella_Knox,<Response [200]>
198, Skylar Snow,,,,,,http://boobpedia.com/boobs/Skylar_Snow,<Response [200]>
199, Charlotte Sartre,,,,,,http://boobpedia.com/boobs/Charlotte_Sartre,<Response [404]>
200, Alex Grey,,,,,,http://boobpedia.com/boobs/Alex_Grey,<Response [404]>
201, Lyra Law,,,,,,http://boobpedia.com/boobs/Lyra_Law,<Response [404]>
202, Giselle Palmer,,,,,,http://boobpedia.com/boobs/Giselle_Palmer,<Response [200]>
203, Anissa Kate,,,,,,http://boobpedia.com/boobs/Anissa_Kate,<Response [200]>
204, Ashley Adams,,,,,,http://boobpedia.com/boobs/Ashley_Adams,<Response [200]>
205, Gracie Glam,,,,,,http://boobpedia.com/boobs/Gracie_Glam,<Response [404]>
206, Cathy Heaven,,,,,,http://boobpedia.com/boobs/Cathy_Heaven,<Response [200]>
207, Zoe Bloom,,,,,,http://boobpedia.com/boobs/Zoe_Bloom,<Response [404]>
208, Riley Star,,,,,,http://boobpedia.com/boobs/Riley_Star,<Response [404]>
209, Honey Gold,,,,,,http://boobpedia.com/boobs/Honey_Gold,<Response [404]>
210, Ana Foxxx,,,,,,http://boobpedia.com/boobs/Ana_Foxxx,<Response [404]>
211, Franceska Jaimes,,,,,,http://boobpedia.com/boobs/Franceska_Jaimes,<Response [200]>
212, Naomi Swann,,,,,,http://boobpedia.com/boobs/Naomi_Swann,<Response [404]>
213, Kate England,,,,,,http://boobpedia.com/boobs/Kate_England,<Response [404]>
214, Deauxma,,,,,,http://boobpedia.com/boobs/Deauxma,<Response [200]>
215, Stacy Cruz,,,,,,http://boobpedia.com/boobs/Stacy_Cruz,<Response [200]>
216, Joseline Kelly,,,,,,http://boobpedia.com/boobs/Joseline_Kelly,<Response [200]>
217, Katrina Moreno,,,,,,http://boobpedia.com/boobs/Katrina_Moreno,<Response [200]>
218, Reena Sky,,,,,,http://boobpedia.com/boobs/Reena_Sky,<Response [200]>
219, Kiki Minaj,,,,,,http://boobpedia.com/boobs/Kiki_Minaj,<Response [200]>
220, Dana Vespoli,,,,,,http://boobpedia.com/boobs/Dana_Vespoli,<Response [200]>
221, Lena Spanks,,,,,,http://boobpedia.com/boobs/Lena_Spanks,<Response [404]>
222, Silvia Saige,,,,,,http://boobpedia.com/boobs/Silvia_Saige,<Response [200]>
223, Cadence Lux,,,,,,http://boobpedia.com/boobs/Cadence_Lux,<Response [404]>
224, Vienna Black,,,,,,http://boobpedia.com/boobs/Vienna_Black,<Response [200]>
225, Veronica Vain,,,,,,http://boobpedia.com/boobs/Veronica_Vain,<Response [200]>
226, Arietta Adams,,,,,,http://boobpedia.com/boobs/Arietta_Adams,<Response [404]>
227, Riley Nixon,,,,,,http://boobpedia.com/boobs/Riley_Nixon,<Response [200]>
228, Kiara Cole,,,,,,http://boobpedia.com/boobs/Kiara_Cole,<Response [404]>
229, Maggie Green,,,,,,http://boobpedia.com/boobs/Maggie_Green,<Response [200]>
230, Aiden Starr,,,,,,http://boobpedia.com/boobs/Aiden_Starr,<Response [200]>
231, Kyler Quinn,,,,,,http://boobpedia.com/boobs/Kyler_Quinn,<Response [404]>
232, Savannah Sixx,,,,,,http://boobpedia.com/boobs/Savannah_Sixx,<Response [200]>
233, Texas Patti,,,,,,http://boobpedia.com/boobs/Texas_Patti,<Response [200]>
234, Proxy Paige,,,,,,http://boobpedia.com/boobs/Proxy_Paige,<Response [404]>
235, Mona Wales,,,,,,http://boobpedia.com/boobs/Mona_Wales,<Response [404]>
236, Carolina Sweets,,,,,,http://boobpedia.com/boobs/Carolina_Sweets,<Response [404]>
237, Natalia Queen,,,,,,http://boobpedia.com/boobs/Natalia_Queen,<Response [404]>
238, Haley Reed,,,,,,http://boobpedia.com/boobs/Haley_Reed,<Response [404]>
239, Candice Dare,,,,,,http://boobpedia.com/boobs/Candice_Dare,<Response [404]>
240, Saya Song,,,,,,http://boobpedia.com/boobs/Saya_Song,<Response [404]>
241, Domino Presley,,,,,,http://boobpedia.com/boobs/Domino_Presley,<Response [200]>
242, Josephine Jackson,,,,,,http://boobpedia.com/boobs/Josephine_Jackson,<Response [200]>
243, Sofie Reyez,,,,,,http://boobpedia.com/boobs/Sofie_Reyez,<Response [404]>
244, Jewelz Blu,,,,,,http://boobpedia.com/boobs/Jewelz_Blu,<Response [200]>
245, Melody Petite,,,,,,http://boobpedia.com/boobs/Melody_Petite,<Response [404]>
246, Jade Jantzen,,,,,,http://boobpedia.com/boobs/Jade_Jantzen,<Response [200]>
247, Tiffany Tatum,,,,,,http://boobpedia.com/boobs/Tiffany_Tatum,<Response [404]>
248, Georgie Lyall,,,,,,http://boobpedia.com/boobs/Georgie_Lyall,<Response [200]>
249, Bella Rose,,,,,,http://boobpedia.com/boobs/Bella_Rose,<Response [200]>
250, Dakota Skye,,,,,,http://boobpedia.com/boobs/Dakota_Skye,<Response [200]>
251, Chloe Foster,,,,,,http://boobpedia.com/boobs/Chloe_Foster,<Response [404]>
252, Christie Stevens,,,,,,http://boobpedia.com/boobs/Christie_Stevens,<Response [200]>
253, Bree Daniels,,,,,,http://boobpedia.com/boobs/Bree_Daniels,<Response [200]>
254, Bella Bellz,,,,,,http://boobpedia.com/boobs/Bella_Bellz,<Response [404]>
255, Jessy Dubai,,,,,,http://boobpedia.com/boobs/Jessy_Dubai,<Response [200]>
256, Hime Marie,,,,,,http://boobpedia.com/boobs/Hime_Marie,<Response [404]>
257, April O'Neil,,,,,,http://boobpedia.com/boobs/April_O'Neil,<Response [200]>
258, Shay Fox,,,,,,http://boobpedia.com/boobs/Shay_Fox,<Response [200]>
259, Sarah Shevon,,,,,,http://boobpedia.com/boobs/Sarah_Shevon,<Response [404]>
260, Brenna Sparks,,,,,,http://boobpedia.com/boobs/Brenna_Sparks,<Response [200]>
261, Cindy Starfall,,,,,,http://boobpedia.com/boobs/Cindy_Starfall,<Response [404]>
262, Rebel Lynn,,,,,,http://boobpedia.com/boobs/Rebel_Lynn,<Response [404]>
263, Allie Nicole,,,,,,http://boobpedia.com/boobs/Allie_Nicole,<Response [404]>
264, Ella Reese,,,,,,http://boobpedia.com/boobs/Ella_Reese,<Response [200]>
265, Alex Coal,,,,,,http://boobpedia.com/boobs/Alex_Coal,<Response [404]>
266, Bunny Colby,,,,,,http://boobpedia.com/boobs/Bunny_Colby,<Response [200]>
267, Addie Andrews,,,,,,http://boobpedia.com/boobs/Addie_Andrews,<Response [200]>
268, Daisy Stone,,,,,,http://boobpedia.com/boobs/Daisy_Stone,<Response [200]>
269, Evelin Stone,,,,,,http://boobpedia.com/boobs/Evelin_Stone,<Response [404]>
270, Aspen Rae,,,,,,http://boobpedia.com/boobs/Aspen_Rae,<Response [200]>
271, Isabelle Deltore,,,,,,http://boobpedia.com/boobs/Isabelle_Deltore,<Response [200]>
272, Mandy Flores,,,,,,http://boobpedia.com/boobs/Mandy_Flores,<Response [200]>
273, Alexis Adams,,,,,,http://boobpedia.com/boobs/Alexis_Adams,<Response [200]>
274, Carmen Caliente,,,,,,http://boobpedia.com/boobs/Carmen_Caliente,<Response [200]>
275, Alina Henessy,,,,,,http://boobpedia.com/boobs/Alina_Henessy,<Response [404]>
276, Desiree Dulce,,,,,,http://boobpedia.com/boobs/Desiree_Dulce,<Response [200]>
277, Alex Chance,,,,,,http://boobpedia.com/boobs/Alex_Chance,<Response [200]>
278, Gemma Massey,,,,,,http://boobpedia.com/boobs/Gemma_Massey,<Response [200]>
279, Jade Kush,,,,,,http://boobpedia.com/boobs/Jade_Kush,<Response [200]>
280, Erica Lauren,,,,,,http://boobpedia.com/boobs/Erica_Lauren,<Response [200]>
281, Sophie Anderson,,,,,,http://boobpedia.com/boobs/Sophie_Anderson,<Response [200]>
282, Lily Love,,,,,,http://boobpedia.com/boobs/Lily_Love,<Response [200]>
283, Anna De Ville,,,,,,http://boobpedia.com/boobs/Anna_De_Ville,<Response [200]>
284, Jezabel Vessir,,,,,,http://boobpedia.com/boobs/Jezabel_Vessir,<Response [200]>
285, Ginebra Bellucci,,,,,,http://boobpedia.com/boobs/Ginebra_Bellucci,<Response [404]>
286, Katya Rodriguez,,,,,,http://boobpedia.com/boobs/Katya_Rodriguez,<Response [404]>
287, Jenna Sativa,,,,,,http://boobpedia.com/boobs/Jenna_Sativa,<Response [200]>
288, Mea Melone,,,,,,http://boobpedia.com/boobs/Mea_Melone,<Response [200]>
289, Jasmine Webb,,,,,,http://boobpedia.com/boobs/Jasmine_Webb,<Response [200]>
290, Christiana Cinn,,,,,,http://boobpedia.com/boobs/Christiana_Cinn,<Response [200]>
291, Trillium,,,,,,http://boobpedia.com/boobs/Trillium,<Response [200]>
292, Kalina Ryu,,,,,,http://boobpedia.com/boobs/Kalina_Ryu,<Response [404]>
293, Ember Snow,,,,,,http://boobpedia.com/boobs/Ember_Snow,<Response [200]>
294, Mindi Mink,,,,,,http://boobpedia.com/boobs/Mindi_Mink,<Response [200]>
295, Indica Flower,,,,,,http://boobpedia.com/boobs/Indica_Flower,<Response [200]>
296, Heather Vahn,,,,,,http://boobpedia.com/boobs/Heather_Vahn,<Response [200]>
297, Little Caprice,,,,,,http://boobpedia.com/boobs/Little_Caprice,<Response [404]>
298, Ivy Wolfe,,,,,,http://boobpedia.com/boobs/Ivy_Wolfe,<Response [404]>
299, Dani Jensen,,,,,,http://boobpedia.com/boobs/Dani_Jensen,<Response [200]>
300, Larkin Love,,,,,,http://boobpedia.com/boobs/Larkin_Love,<Response [200]>
301, Devon,,,,,,http://boobpedia.com/boobs/Devon,<Response [200]>
302, Kylie Maria,,,,,,http://boobpedia.com/boobs/Kylie_Maria,<Response [200]>
303, Raven Hart,,,,,,http://boobpedia.com/boobs/Raven_Hart,<Response [200]>
304, Nickey Huntsman,,,,,,http://boobpedia.com/boobs/Nickey_Huntsman,<Response [200]>
305, Sarah Rae,,,,,,http://boobpedia.com/boobs/Sarah_Rae,<Response [200]>
306, Amanda Cerny,,,,,,http://boobpedia.com/boobs/Amanda_Cerny,<Response [200]>
307, Sophia Leone,,,,,,http://boobpedia.com/boobs/Sophia_Leone,<Response [200]>
308, Julianna Vega,,,,,,http://boobpedia.com/boobs/Julianna_Vega,<Response [200]>
309, Yui Hatano ,,,,,,http://boobpedia.com/boobs/Yui_Hatano_,<Response [200]>
310, Ashley Fires,,,,,,http://boobpedia.com/boobs/Ashley_Fires,<Response [404]>
311, Angel Wicky ,,,,,,http://boobpedia.com/boobs/Angel_Wicky_,<Response [200]>
312, Anya Ivy,,,,,,http://boobpedia.com/boobs/Anya_Ivy,<Response [200]>
313, Jenna Jameson,,,,,,http://boobpedia.com/boobs/Jenna_Jameson,<Response [200]>
314, Katie Banks ,,,,,,http://boobpedia.com/boobs/Katie_Banks_,<Response [200]>
315, Veronica Leal,,,,,,http://boobpedia.com/boobs/Veronica_Leal,<Response [200]>
316, Ava Devine,,,,,,http://boobpedia.com/boobs/Ava_Devine,<Response [200]>
317, Hannah Hays,,,,,,http://boobpedia.com/boobs/Hannah_Hays,<Response [404]>
318, Eva Elfie,,,,,,http://boobpedia.com/boobs/Eva_Elfie,<Response [200]>
319, Ava Taylor,,,,,,http://boobpedia.com/boobs/Ava_Taylor,<Response [404]>
320, Alina Li,,,,,,http://boobpedia.com/boobs/Alina_Li,<Response [404]>
321, Ms London,,,,,,http://boobpedia.com/boobs/Ms_London,<Response [404]>
322, Emily Addison,,,,,,http://boobpedia.com/boobs/Emily_Addison,<Response [200]>
323, Mistress T,,,,,,http://boobpedia.com/boobs/Mistress_T,<Response [200]>
324, Aubrey Sinclair,,,,,,http://boobpedia.com/boobs/Aubrey_Sinclair,<Response [404]>
325, Jenna Haze,,,,,,http://boobpedia.com/boobs/Jenna_Haze,<Response [404]>
326, Foxy Di,,,,,,http://boobpedia.com/boobs/Foxy_Di,<Response [404]>
327, Janet Mason,,,,,,http://boobpedia.com/boobs/Janet_Mason,<Response [200]>
328, Nancy A,,,,,,http://boobpedia.com/boobs/Nancy_A,<Response [200]>
329, Connie Carter,,,,,,http://boobpedia.com/boobs/Connie_Carter,<Response [200]>
330, Cassidy Klein,,,,,,http://boobpedia.com/boobs/Cassidy_Klein,<Response [404]>
331, Naomi Russell,,,,,,http://boobpedia.com/boobs/Naomi_Russell,<Response [404]>
332, Amy Anderssen,,,,,,http://boobpedia.com/boobs/Amy_Anderssen,<Response [200]>
333, Cameron Canela,,,,,,http://boobpedia.com/boobs/Cameron_Canela,<Response [404]>
334, Maria Ozawa,,,,,,http://boobpedia.com/boobs/Maria_Ozawa,<Response [200]>
335, Stoya,,,,,,http://boobpedia.com/boobs/Stoya,<Response [404]>
336, Nekane,,,,,,http://boobpedia.com/boobs/Nekane,<Response [200]>
337, Sybil Stallone,,,,,,http://boobpedia.com/boobs/Sybil_Stallone,<Response [404]>
338, Shyla Stylez,,,,,,http://boobpedia.com/boobs/Shyla_Stylez,<Response [200]>
339, Sensual Jane,,,,,,http://boobpedia.com/boobs/Sensual_Jane,<Response [200]>
340, Vanessa Veracruz,,,,,,http://boobpedia.com/boobs/Vanessa_Veracruz,<Response [200]>
341, Malena Morgan,,,,,,http://boobpedia.com/boobs/Malena_Morgan,<Response [200]>
342, Aryana Adin,,,,,,http://boobpedia.com/boobs/Aryana_Adin,<Response [200]>
343, Nikita Bellucci,,,,,,http://boobpedia.com/boobs/Nikita_Bellucci,<Response [200]>
344, Tera Patrick,,,,,,http://boobpedia.com/boobs/Tera_Patrick,<Response [200]>
345, Syren De Mer,,,,,,http://boobpedia.com/boobs/Syren_De_Mer,<Response [200]>
346, Jada Fire,,,,,,http://boobpedia.com/boobs/Jada_Fire,<Response [200]>
347, Diamond Kitty,,,,,,http://boobpedia.com/boobs/Diamond_Kitty,<Response [200]>
348, Rebecca Moore,,,,,,http://boobpedia.com/boobs/Rebecca_Moore,<Response [200]>
349, Harmony Wonder,,,,,,http://boobpedia.com/boobs/Harmony_Wonder,<Response [404]>
