Liam's Rank, Name
1, Mia Malkova
2, Lana Rhoades
3, Abella Danger
4, Nikki Benz
5, Angela White
6, Sophie Dee
7, Nicole Aniston
8, Kendra Sunderland
9, Sara Jay
10, Romi Rain
11, Alexis Texas
12, Valentina Nappi
13, Elsa Jean
14, Adriana Chechik
15, Dani Daniels
16, Riley Reid
17, Asa Akira
18, Tori Black
19, Madison Ivy
20, Gina Valentina
21, Julia Ann
22, Brandi Love
23, Veronica Rodriguez
24, Rachel Starr
25, Maitland Ward
26, Karlee Grey
27, Jayden Jaymes
28, Teanna Trump
29, Alina Lopez
30, Kimmy Granger
31, Aletta Ocean
32, Eva Lovia
33, Alexis Fawx
34, Vicky Vette
35, Emily Willis
36, Autumn Falls
37, Stormy Daniels
38, Jessa Rhodes
39, Cherie Deville
40, Dillion Harper
41, Gianna Dior
42, Nikki Delano
43, Jesse Jane
44, Carter Cruise
45, Kayden Kross
46, Tanya Tate
47, Ariana Marie
48, Samantha Saint
49, Kenzie Reeves
50, Gabbie Carter
51, Natalia Starr
52, Jada Stevens
53, Nina Hartley
54, Piper Perri
55, Vicki Chase
56, Moriah Mills
57, Kiara Mia
58, Phoenix Marie
59, Rose Monroe
60, Eva Notty
61, Kissa Sins
62, Luna Star
63, Kaylani Lei
64, Whitney Wright
65, Aaliyah Hadid
66, Gianna Michaels
67, Bonnie Rotten
68, Joanna Angel
69, Alura Jenson
70, Bridgette B
71, Lela Star
72, Raven Bay
73, Riley Steele
74, Kali Roses
75, Natasha Nice
76, Sarah Vandella
77, Jill Kassidy
78, Tiffany Watson
79, Kirsten Price
80, Skyla Novea
81, Richelle Ryan
82, Janice Griffith
83, Sheena Ryder
84, Tina Kay
85, Mandy Muse
86, Sheila Ortega
87, Blair Williams
88, Eliza Ibarra
89, Veronica Avluv
90, Scarlett Sage
91, Katrina Jade
92, Sinn Sage
93, Julie Cash
94, Lisa Ann
95, Anya Olsen
96, Karmen Karma
97, Nyomi Banxxx
98, Naomi Woods
99, Victoria June
100, Gina Gerson
101, Marley Brinx
102, Francesca Le
103, Zoey Monroe
104, Jaclyn Taylor
105, Molly Stewart
106, Jelena Jensen
107, Melody Marks
108, Kesha Ortega
109, Jayden Cole
110, Shyla Jennings
111, Kira Noir
112, Kelly Divine
113, Ella Hughes
114, Misha Cross
115, Stella Cox
116, Noelle Easton
117, Valentina Jewels
118, Mia Melano
120, Jessica Drake
121, Sheridan Love
122, AJ Applegate
123, Kenna James
124, Syren Demer
125, Lauren Phillips
126, Lady Dee
127, Gabriella Paltrova
128, Karla Kush
129, Katie Morgan
130, Kayla Kayden
131, Skin Diamond
132, Riley Reyes
133, Misty Stone
134, Khloe Kapri
135, Jane Wilde
136, Athena Faris
137, Kelly Madison
138, Kenzie Taylor
139, Maddy O Reilly
140, Uma Jolie
141, Joslyn James
142, Penny Pax
143, Ivy Lebelle
144, Lena Nitro
145, Anikka Albrite
146, Krissy Lynn
147, Darcie Dolce
148, Kristina Rose
149, Maya Bijou
150, Aaliyah Love
151, Jessie Volt
152, Nina North
153, Jordi Pollo
154, Anny Aurora
155, Jillian Janson
156, Paige Owens
157, Britney Amber
158, Abigail Mac
159, Lily LaBeau
160, Georgia Jones
161, Kendra Spade
162, Gia Paige
163, Sydney Cole
164, Lana Rain
165, Brooklyn Chase
166, Rebecca Volpetti
167, Morgan Lee
167, Julia Roca
168, Chanel Preston
169, Jodi West
170, Lacy Lennon
171, Shooting Star
172, Emma Hix
173, Aidra Fox
174, Sarah Jessie
175, Alexis Monroe
176, Rharri Rhound
177, Samantha Rone
178, Lena Paul
179, Kimber James
180, Holly Hendrix
181, Nia Nacci
182, Claudia Marie
182, Canela Skin
183, Jennifer White
184, Brett Rossi
185, Dana DeArmond
186, Amirah Adara
187, Jojo Kiss
188, Elena Koshka
189, Evelyn Claire
190, Tia Cyrus
191, Kenzie Madison
192, Chloe Cherry
193, Scarlit Scandal
194, Casey Calvert
195, Cali Carter
196, Ella Knox
197, Skylar Snow
198, Charlotte Sartre
199, Alex Grey
200, Lyra Law
201, Giselle Palmer
202, Anissa Kate
203, Ashley Adams
204, Gracie Glam
205, Cathy Heaven
206, Zoe Bloom
207, Riley Star
208, Honey Gold
209, Ana Foxxx
210, Franceska Jaimes
211, Naomi Swann
212, Kate England
213, Deauxma
214, Stacy Cruz
215, Joseline Kelly
216, Katrina Moreno
217, Reena Sky
218, Kiki Minaj
219, Dana Vespoli
220, Lena Spanks
221, Silvia Saige
222, Cadence Lux
223, Vienna Black
224, Veronica Vain
225, Arietta Adams
226, Riley Nixon
227, Kiara Cole
228, Maggie Green
229, Aiden Starr
230, Kyler Quinn
240, Savannah Sixx
241, Texas Patti
242, Proxy Paige
243, Mona Wales
244, Carolina Sweets
245, Natalia Queen
246, Haley Reed
247, Candice Dare
248, Saya Song
249, Domino Presley
250, Josephine Jackson
251, Sofie Reyez
252, Jewelz Blu
253, Melody Petite
254, Jade Jantzen
255, Tiffany Tatum
256, Georgie Lyall
257, Bella Rose
258, Dakota Skye
259, Chloe Foster
260, Christie Stevens
261, Bree Daniels
262, Bella Bellz
263, Jessy Dubai
264, Hime Marie
265, April O'Neil
266, Shay Fox
267, Sarah Shevon
268, Brenna Sparks
269, Cindy Starfall
270, Rebel Lynn
271, Allie Nicole
272, Ella Reese
273, Alex Coal
274, Bunny Colby
275, Addie Andrews
276, Daisy Stone
277, Evelin Stone
278, Aspen Rae
279, Isabelle Deltore
280, Mandy Flores
281, Alexis Adams
282, Carmen Caliente
283, Alina Henessy
284, Desiree Dulce
285, Alex Chance
286, Gemma Massey
287, Jade Kush
288, Erica Lauren
289, Sophie Anderson
290, Lily Love
291, Anna De Ville
292, Jezabel Vessir
293, Ginebra Bellucci
294, Katya Rodriguez
295, Jenna Sativa
296, Mea Melone
297, Jasmine Webb
298, Christiana Cinn
299, Trillium
300, Kalina Ryu
301, Ember Snow
302, Mindi Mink
303, Indica Flower
304, Heather Vahn
305, Little Caprice
306, Ivy Wolfe
307, Dani Jensen
308, Larkin Love
309, Devon
310, Kylie Maria
311, Raven Hart
312, Nickey Huntsman
313, Sarah Rae
314, Amanda Cerny
315, Sophia Leone
316, Julianna Vega
317, Yui Hatano 
318, Ashley Fires
319, Angel Wicky 
320, Desiree Dulce
321, Anya Ivy
322, Jenna Jameson
323, Katie Banks 
324, Veronica Leal
325, Ava Devine
326, Jill Kassidy
327, Hannah Hays
328, Eva Elfie
329, Ava Taylor
330, Alina Li
331, Ms London
332, Kiara Mia
333, Emily Addison
334, Mistress T
335, Ashley Adams
336, Aubrey Sinclair
337, Jenna Haze
338, Evelin Stone
339, Foxy Di
340, Janet Mason
341, Nancy A
342, Connie Carter
343, Cassidy Klein
344, Naomi Russell
345, Amy Anderssen
346, Cameron Canela
347, Jillian Janson
348, Maria Ozawa
349, Kali Roses
350, Stoya
351, Amirah Adara
352, Nekane
353, Sybil Stallone
354, Shyla Stylez
355, Darcie Dolce
356, Sensual Jane
357, Vanessa Veracruz
358, Malena Morgan
359, Nina North
360, Aryana Adin
361, Kenna James
362, Scarlit Scandal
363, Nikita Bellucci
364, Skin Diamond
365, Tera Patrick
366, Syren De Mer
367, Jada Fire
368, Diamond Kitty
369, Rebecca Moore
370, Harmony Wonder