﻿Spotify URI,Track Name,Artist Name,Album Name,Disc Number,Track Number,Track Duration (ms),Added By,Added At
"spotify:track:1F1QmI8TMHir9SUFrooq5F","Buff Baby","tobi lou","tobi lou and the Loop - EP","1","2","215384","spotify:user:jmlern16","2018-11-17T00:58:59Z"
"spotify:track:0F58GE2TtHBim5o4ZTQUwK","Peach Fuzz","Tyler, The Creator","Peach Fuzz","1","1","156546","spotify:user:jmlern16","2018-11-16T03:14:51Z"
"spotify:track:4WC72P8F0CnYmqoPYQ7JDD","Bottom of the Bottle (feat. August Alsina & Lil Wayne)","Curren$y, August Alsina, Lil Wayne","Canal Street Confidential (Deluxe)","1","7","238338","spotify:user:jmlern16","2018-11-16T03:14:54Z"
"spotify:track:4gX5wWBuArhoyV17bVPeBb","Can I Live feat. Mac Miller","Casey Veggies, Mac Miller","Sleeping in Class","1","15","237365","spotify:user:jmlern16","2018-11-16T03:14:58Z"
"spotify:track:61oqzUM14vEnW5pV9f3qOc","Come Inside (Kaytranada Edit)","Lou Phelps, KAYTRANADA, Jazz Cartier","Come Inside (Kaytranada Edit)","1","1","266599","spotify:user:jmlern16","2018-11-16T03:15:26Z"
"spotify:track:1rfGO3N4DPGodJLSSY9Re5","Sticky","Ravyn Lenae","Sticky","1","1","196754","spotify:user:jmlern16","2018-11-16T03:15:14Z"
"spotify:track:1HA2V2EfAgJUBVOju4YfiB","Just A Stranger (feat. Steve Lacy)","Kali Uchis, Steve Lacy","Isolation","1","3","177697","spotify:user:jmlern16","2018-11-16T03:16:18Z"
"spotify:track:01bfHCsUTwydXCHP1VoLlI","Roll (Burbank Funk)","The Internet","Hive Mind","1","2","191026","spotify:user:jmlern16","2018-11-16T03:16:31Z"
"spotify:track:1cBs15tQeh4ewFqlwndESK","LSD (feat. Chance The Rapper)","Jamila Woods, Chance the Rapper","HEAVN","1","10","208329","spotify:user:jmlern16","2018-11-16T03:16:37Z"
"spotify:track:4YdRnTnXYwgI48kkzWy6uk","BUSY / SIRENS","Saba, theMIND","CARE FOR ME","1","1","329541","spotify:user:jmlern16","2018-11-16T03:18:39Z"
"spotify:track:16DHWSDlEa5K0JbMHnuMXM","Stay Right Here","Saba, Xavier Omär, Mick Jenkins","Stay Right Here","1","1","210133","spotify:user:jmlern16","2018-11-16T03:19:04Z"
"spotify:track:5x886ETFn4nUihXbxlO3cb","Understood","Mick Jenkins","Pieces of a Man","1","16","208570","spotify:user:jmlern16","2018-11-16T03:19:19Z"
"spotify:track:2aIFp8ww0MSsLQokxhGCAz","Padded Locks (feat. Ghostface Killah)","Mick Jenkins, Ghostface Killah","Pieces of a Man","1","9","225592","spotify:user:jmlern16","2018-11-16T03:20:15Z"
"spotify:track:4FZOSDwALdWxcGcRbwXWJ8","Tyrant (feat. Jorja Smith)","Kali Uchis, Jorja Smith","Isolation","1","6","204289","spotify:user:jmlern16","2018-11-16T03:20:27Z"
"spotify:track:6m6R6O2BOZDCNymhJ45spI","Loner","Kali Uchis","Por Vida","1","9","212000","spotify:user:jmlern16","2018-11-16T03:20:46Z"
"spotify:track:6FBzhcfgGacfXF3AmtfEaX","C U Girl","Steve Lacy","C U Girl","1","1","129697","spotify:user:jmlern16","2018-11-16T03:21:26Z"
"spotify:track:39xVzbZDVYROIkoI0wJU7k","Closer (Ode 2 U)","Ravyn Lenae","Crush EP","1","2","196036","spotify:user:jmlern16","2018-11-16T03:22:05Z"
"spotify:track:2NRGaA1GyCmTYfm2GRPkUe","Fine China","Future, Juice WRLD","Fine China","1","1","142320","spotify:user:jmlern16","2018-11-16T03:22:26Z"
"spotify:track:1OxL1FWSEd7QmJoWLRP2NO","On My Mind (Jorja Smith X Preditah)","Jorja Smith, Preditah","On My Mind (Jorja Smith X Preditah)","1","1","181509","spotify:user:jmlern16","2018-11-16T03:23:06Z"
"spotify:track:4mFpq2tEmxVHFdCpT81mAW","Moral (feat. Maxo Kream)","IDK, Maxo Kream","Moral (feat. Maxo Kream)","1","1","162298","spotify:user:jmlern16","2018-11-16T03:23:49Z"
"spotify:track:1jzIJcHCXneHw7ojC6LXiF","Potato Salad","Tyler, The Creator, A$AP Rocky","Potato Salad","1","1","182493","spotify:user:jmlern16","2018-11-16T03:24:05Z"
"spotify:track:47Bg6IrMed1GPbxRgwH2aC","Best Friend","Rex Orange County","Best Friend","1","1","262231","spotify:user:jmlern16","2018-11-16T03:24:22Z"
"spotify:track:3PbV3ocgAp3Xn0omGFC0cG","Untitled","Rex Orange County","Apricot Princess","1","5","135706","spotify:user:jmlern16","2018-11-16T03:24:35Z"
"spotify:track:5mIOsPuQdXchVY0jB5NO9Q","4EVER","Clairo","4EVER","1","1","159595","spotify:user:jmlern16","2018-11-16T03:25:05Z"
"spotify:track:2lvOt6VAufWlstrqutilVb","Fire Starter","Trippie Redd, Emani 22","A Love Letter To You 3","1","2","157500","spotify:user:jmlern16","2018-11-16T03:25:28Z"
"spotify:track:788NX6uCNEVuZW8x5BkQqM","Like Dat","Kodak Black","Institution","1","18","200097","spotify:user:jmlern16","2018-11-16T03:26:43Z"
"spotify:track:3oiN3EgsL0c8aVVS3FN0h4","Crew REMIX","GoldLink, Gucci Mane, Brent Faiyaz, Shy Glizzy","Crew (Remixes)","1","1","240375","spotify:user:jmlern16","2018-11-16T03:29:58Z"
"spotify:track:0LmMlHabzcZ65OBZ37fbpW","Spectrum","GoldLink","Spectrum","1","1","191374","spotify:user:jmlern16","2018-11-16T03:30:24Z"
"spotify:track:6ocxCGYgcmZhCeTT1yuNkt","I Gotta Find Peace of Mind - Live","Ms. Lauryn Hill","MTV Unplugged No. 2.0","1","13","558973","spotify:user:jmlern16","2018-11-16T03:31:17Z"
"spotify:track:0uEp9E98JB5awlA084uaIg","Doo Wop (That Thing)","Ms. Lauryn Hill","The Miseducation of Lauryn Hill","1","5","320266","spotify:user:jmlern16","2018-11-16T03:31:49Z"
"spotify:track:1otG6j1WHNvl9WgXLWkHTo","After The Storm (feat. Tyler, The Creator & Bootsy Collins)","Kali Uchis, Tyler, The Creator, Bootsy Collins","Isolation","1","13","207454","spotify:user:jmlern16","2018-11-16T03:33:42Z"
"spotify:track:5oJAaPRS2EzNIc8EWIbucE","Miami (feat. BIA)","Kali Uchis, BIA","Isolation","1","2","243864","spotify:user:jmlern16","2018-11-16T03:42:15Z"
"spotify:track:6OyDjQiFgIX4JnnfQ9zYf8","Troop (feat. Smino)","tobi lou, Smino","Troop (feat. Smino)","1","1","266181","spotify:user:jmlern16","2018-11-17T01:00:49Z"
"spotify:track:5KNoyjCDbXVPhzAX3CZsnC","Happy Birthday (feat. SZA & Isaiah Rashad)","Childish Major, SZA, Isaiah Rashad","WOO$AH","1","6","182692","spotify:user:jmlern16","2018-11-20T22:09:39Z"
"spotify:track:0WE8YTl6GAVHnkfvMfci98","Drinkee","Sofi Tukker","Drinkee","1","1","297507","spotify:user:jmlern16","2018-11-21T07:34:05Z"
"spotify:track:33aMIf2dRy8Fs95Q3W8IAl","Khlorine (feat. Smino)","Sango, Smino","Khlorine","1","1","230701","spotify:user:jmlern16","2018-11-21T22:50:12Z"
"spotify:track:3rqvzD1DX5WyK405im5P5X","Spice (feat. Smino) - Remix","Ravyn Lenae, Smino","Spice (feat. Smino) [Remix]","1","1","244769","spotify:user:jmlern16","2018-11-28T19:43:04Z"
"spotify:track:2lRe5wBRm4xaSKTbDn2vLD","Trippy (feat. J. Cole)","Anderson .Paak, J. Cole","Oxnard","1","11","323586","spotify:user:jmlern16","2018-11-28T19:44:36Z"
"spotify:track:4n02GblHZte3q5AzcLHlIK","Anywhere (feat. Snoop Dogg & The Last Artful, Dodgr)","Anderson .Paak, Snoop Dogg, The Last Artful, Dodgr","Oxnard","1","10","226493","spotify:user:jmlern16","2018-11-28T19:45:55Z"
"spotify:track:0wY9rA9fJkuESyYm9uzVK5","D'Evils","SiR","November","1","4","171818","spotify:user:jmlern16","2018-11-28T19:47:41Z"
"spotify:track:6PktsUMUtMAu8GRTmeH9Vy","Do U Wrong (feat. Syd)","Leven Kali, Syd","Do U Wrong (feat. Syd)","1","1","280253","spotify:user:jmlern16","2018-11-28T19:48:00Z"
"spotify:track:3VeuvRWfJLSOzeVPrgi5MR","Night Drive","Ari Lennox","PHO","1","3","150133","spotify:user:jmlern16","2018-11-28T19:48:57Z"
"spotify:track:4SivdhwHgTucm4QH27DCWV","Jones","Nafets, Cpsl0ck, Foggieraw, SlimJimJones","Jones","1","1","188296","spotify:user:jmlern16","2018-11-28T19:51:33Z"
"spotify:track:6PkHqAw4FEjD2vsT5IEWdN","The Mint (feat. Navy Blue)","Earl Sweatshirt, Navy Blue","The Mint (feat. Navy Blue)","1","1","165120","spotify:user:jmlern16","2018-11-29T23:33:42Z"
"spotify:track:01z2fBGB8Hl3Jd3zXe4IXR","Come Back to Earth","Mac Miller","Swimming","1","1","161840","spotify:user:jmlern16","2018-11-30T19:18:19Z"
"spotify:track:6GnhWMhgJb7uyiiPEiEkDA","Weekend (feat. Miguel)","Mac Miller, Miguel","GO:OD AM","1","7","208080","spotify:user:jmlern16","2018-11-30T19:18:31Z"
"spotify:track:5Zxag6MRK1YCumP1XP3lZg","O.K. (feat. Tyler, The Creator) [Bonus Track]","Mac Miller, Tyler, The Creator","Watching Movies with the Sound Off (Deluxe Edition)","1","18","160868","spotify:user:jmlern16","2018-11-30T19:25:15Z"
"spotify:track:2LGR3T1xZwuELcOi6DpMXY","Hijo de Su Madre","Omar Apollo","Stereo","1","5","178009","spotify:user:jmlern16","2018-11-30T23:06:33Z"
"spotify:track:7IAa7vUJ11STN7le8XaxsH","WTF (Where They From)","Missy Elliott, Pharrell Williams","WTF (Where They From)","1","1","192772","spotify:user:jmlern16","2018-11-30T23:20:40Z"
"spotify:track:2KmYPKHvwG77NAcDpFlLBm","L.M.F.","Smino","NOIR","1","2","188500","spotify:user:jmlern16","2018-11-30T23:25:32Z"
"spotify:track:43lYaovU2FoeuBMNusVVVW","10 Freaky Girls (with 21 Savage)","Metro Boomin, 21 Savage","NOT ALL HEROES WEAR CAPES","1","6","208293","spotify:user:jmlern16","2018-11-30T23:26:35Z"
"spotify:track:2id1xnRQloCopsF5IFRY15","Only Girl","Kali Uchis, Steve Lacy, Vince Staples","Only Girl","1","1","222162","spotify:user:jmlern16","2018-12-03T22:45:44Z"
"spotify:track:2IvRTipyjerdv79tW9NVRx","Gees (feat. Schoolboy Q)","Mac Miller, ScHoolboy Q","Watching Movies with the Sound Off (Deluxe Edition)","1","10","175672","spotify:user:jmlern16","2018-12-06T07:11:47Z"
"spotify:track:66XXCMX3Na7KNfm5e0tOVZ","Last Memory","Takeoff","Last Memory","1","1","171270","spotify:user:jmlern16","2018-12-09T22:57:00Z"
"spotify:track:7xIBKYHW0iZJfb6eKWLaLd","High Tolerance","Ameer Vann","High Tolerance","1","1","165750","spotify:user:jmlern16","2018-12-10T05:17:10Z"
"spotify:track:7bDqSfQ7Sj0mA4hiswGr3t","Off-White (feat. Global Mongo)","Global Dan, Global Mongo","Global Warming","1","2","165182","spotify:user:jmlern16","2018-12-10T05:39:09Z"
"spotify:track:5TlWkwZyx3L5Dh3yybmxHO","ICY GRL","Saweetie","ICY GRL","1","1","109302","spotify:user:jmlern16","2018-12-10T20:35:59Z"
"spotify:track:3SwhPTNNU5hpF33bbCsji6","Roses","BJ The Chicago Kid","Roses","1","1","181144","spotify:user:jmlern16","2018-12-14T03:11:53Z"
"spotify:track:4KXwFI9pgJLpUIAc9oSL8j","Bloody Waters (with Anderson .Paak & James Blake)","Ab-Soul, Anderson .Paak, James Blake","Black Panther The Album Music From And Inspired By","1","8","272306","spotify:user:jmlern16","2018-12-14T08:11:31Z"
"spotify:track:0YAQnYt2oB8OdoaeqnHyTI","Tribe (with J. Cole)","Bas, J. Cole","Milky Way","1","3","238053","spotify:user:jmlern16","2018-12-25T06:52:45Z"
"spotify:track:2jlVsVNu7aL9OjxyJwYZF5","Ace","Noname, Smino, Saba","Room 25","1","8","182752","spotify:user:jmlern16","2018-12-25T06:57:45Z"
"spotify:track:297rZsBEjFw9d0Gl3iBLnd","Goodie Bag","Still Woozy","Goodie Bag","1","1","146390","spotify:user:jmlern16","2019-01-02T16:43:12Z"
"spotify:track:6tdAmfHEd4cXEkNbCMgOP9","KLINK","Smino","NOIR","1","3","182209","spotify:user:jmlern16","2019-01-02T16:47:15Z"
"spotify:track:5CjV03o6e1Ja0zLdttXVji","Gwendolynn's Apprehension","Mick Jenkins","Pieces of a Man","1","3","225533","spotify:user:jmlern16","2019-01-02T16:47:49Z"
"spotify:track:74lnM5V6ecvoTPV0fvptx9","Nuketown (feat. Juice WRLD)","Ski Mask The Slump God, Juice WRLD","STOKELEY","1","2","166400","spotify:user:jmlern16","2019-01-20T01:00:36Z"
"spotify:track:3EikYy40GMSp8l5mDV6IQo","Foot Fungus","Ski Mask The Slump God","STOKELEY","1","3","129546","spotify:user:jmlern16","2019-01-20T01:00:42Z"
"spotify:track:4ej94zqr9xYLbWphCH3TcD","Beauty & Essex (feat. Daniel Caesar & Unknown Mortal Orchestra)","Free Nationals, Daniel Caesar, Unknown Mortal Orchestra","Beauty & Essex (feat. Daniel Caesar & Unknown Mortal Orchestra)","1","1","277046","spotify:user:jmlern16","2019-01-24T04:09:41Z"
"spotify:track:2FUNBaa5DwItJtYEBgAblU","monster","21 Savage","i am > i was","1","13","233039","spotify:user:jmlern16","2019-01-12T18:37:26Z"
"spotify:track:3au0pvHqcTtszysswan6AO","LIFE","Saba","CARE FOR ME","1","3","162750","spotify:user:jmlern16","2019-04-14T15:40:30Z"
"spotify:track:7c3SbTuufigBWURcICnAWy","Tints (feat. Kendrick Lamar)","Anderson .Paak, Kendrick Lamar","Oxnard","1","3","268400","spotify:user:jmlern16","2019-04-14T15:40:30Z"
"spotify:track:4IwlRsx9bQyBOZVZbZdCxi","Reginald (feat. Ben Hixon)","Mick Jenkins, Ben Hixon","Pieces of a Man","1","8","168474","spotify:user:jmlern16","2019-04-14T15:40:30Z"
"spotify:track:3X6YJcqTinaNraRvojF62K","Z4L (with Bari & Jay2)","Smino, Bari, Jay2","NOIR","1","7","162590","spotify:user:jmlern16","2019-04-14T15:40:30Z"
"spotify:track:4XCmKekq1HRCsS7BPWsCRx","Matches (feat. Ab-Soul)","Mac Miller, Ab-Soul","Watching Movies with the Sound Off (Deluxe Edition)","1","6","178410","spotify:user:jmlern16","2019-04-14T15:40:30Z"
"spotify:track:0Eqm7hD828cATBLUx2fJox","Meditate (feat. J.I.D.)","EARTHGANG, JID","Rags - EP","1","1","278083","spotify:user:jmlern16","2019-04-14T15:40:30Z"
"spotify:track:1t4pPnbkOjzoA5RvsDjvUU","1999 WILDFIRE","BROCKHAMPTON","1999 WILDFIRE","1","1","251250","spotify:user:jmlern16","2019-04-14T15:40:30Z"
"spotify:track:3woRy7uxzl1lO2XO99oHsN","The Man Who Has Everything","Chance the Rapper","The Man Who Has Everything","1","1","218624","spotify:user:jmlern16","2019-04-14T15:40:30Z"
"spotify:track:564oa00vY05d1uYnTEAAmE","Herside Story","GoldLink, Hare Squead","At What Cost","1","6","183760","spotify:user:jmlern16","2019-04-14T15:40:30Z"
"spotify:track:41uX0L4bro4KfKtDIIEFFe","FUN!","Vince Staples","FM!","1","7","171106","spotify:user:jmlern16","2019-04-14T15:40:30Z"
"spotify:track:2JvzF1RMd7lE3KmFlsyZD8","MIDDLE CHILD","J. Cole","MIDDLE CHILD","1","1","213593","spotify:user:jmlern16","2019-02-05T19:33:27Z"
"spotify:track:1AT4xjNarTswd0UZ5FlmKF","Motiv8","J. Cole","KOD","1","6","133921","spotify:user:jmlern16","2019-02-05T19:34:14Z"
"spotify:track:6m3ZXs465Rt4Tc1iiLktXL","Broad Shoulders (feat. Chance the Rapper)","Taylor Bennett, Chance the Rapper","Broad Shoulders","1","10","227263","spotify:user:jmlern16","2019-02-05T19:38:30Z"
"spotify:track:4I5uWfaZIrkKCHrbO7eLMV","Gloria","Tierra Whack","Gloria","1","1","156958","spotify:user:jmlern16","2019-03-11T17:22:39Z"
"spotify:track:3DlgDXIYtnWtJKiB8bZQMv","Photosynthesis","Saba, Jean Deaux","Bucket List Project","1","8","201732","spotify:user:jmlern16","2019-03-23T20:30:05Z"
"spotify:track:0ror2i7yC3O4iqS1Fmvhtb","Alkaline","Kota the Friend","Alkaline","1","1","185000","spotify:user:jmlern16","2019-03-30T20:08:55Z"
"spotify:track:2aPTvyE09vUCRwVvj0I8WK","Sundress","A$AP Rocky","Sundress","1","1","158205","spotify:user:jmlern16","2019-03-30T20:09:09Z"
"spotify:track:65Mnqq7nlnL29EnVnOVFDM","What Am I To Do","Mick Jenkins","What Am I To Do","1","1","175609","spotify:user:jmlern16","2019-03-30T20:09:21Z"
"spotify:track:12whPvsw1oxuuwlD27mTeb","G35","YGTUT, Isaiah Rashad","G35","1","1","264000","spotify:user:jmlern16","2019-04-10T19:54:31Z"
"spotify:track:3NWTRZ0A8xKlBP1qgNftql","Special Affair","The Internet","Ego Death","1","8","176186","spotify:user:jmlern16","2019-04-10T19:58:51Z"
"spotify:track:3SEZgDncfa1sqjThdI9JcJ","Angles (feat. Noname & Xavier Omär)","Mick Jenkins, Noname, Xavier Omär","The Healing Component","1","14","263087","spotify:user:jmlern16","2019-06-03T20:43:26Z"
"spotify:track:0ZWhqhiu9eIUOB1Ou0kiO3","She Live (feat. Megan Thee Stallion)","Maxo Kream, Megan Thee Stallion","She Live (feat. Megan Thee Stallion)","1","1","170000","spotify:user:jmlern16","2019-06-29T18:56:21Z"
"spotify:track:2T64m94VBrsEISkAYq6Cnq","Cooks","Still Woozy","Cooks","1","1","174105","spotify:user:jmlern16","2019-06-29T18:56:32Z"
"spotify:track:4FOP2FPfIii2NcZZDa72dn","U Say (feat. Tyler, The Creator & Jay Prince)","GoldLink, Tyler, The Creator, Jay Prince","U Say (feat. Tyler, The Creator & Jay Prince)","1","1","200824","spotify:user:jmlern16","2019-06-29T18:56:37Z"
"spotify:track:4Hq1q82uvzNxUYmgBOxPco","Nike's on My Feet","Mac Miller","Nike's on My Feet","1","1","164411","spotify:user:jmlern16","2019-06-29T18:56:39Z"
"spotify:track:05v5mPkLAOoa7M5tnXXOwq","Time","Free Nationals, Mac Miller, Kali Uchis","Time","1","1","210279","spotify:user:jmlern16","2019-06-29T18:56:41Z"
"spotify:track:0yJRQPFhkgBMP8RyerfH8l","Maybe She","Still Woozy","Lately","1","5","169090","spotify:user:jmlern16","2019-06-29T18:56:43Z"
"spotify:track:24G1PXBWoRgV0wDXZKwxzz","N Side","Steve Lacy","Apollo XXI","1","11","224444","spotify:user:jmlern16","2019-06-29T18:56:49Z"
"spotify:track:30o8E8pmxyWDVvjud2WE5i","Basement Jack","Steve Lacy","Apollo XXI","1","4","109818","spotify:user:jmlern16","2019-06-29T18:56:51Z"
"spotify:track:6tByydPskASjm9jTPkNQq0","Numb Numb Juice","ScHoolboy Q","CrasH Talk","1","4","107146","spotify:user:jmlern16","2019-06-29T18:56:55Z"
"spotify:track:5hVghJ4KaYES3BFUATCYn0","EARFQUAKE","Tyler, The Creator","IGOR","1","2","190066","spotify:user:jmlern16","2019-06-29T18:56:59Z"
"spotify:track:5A0M6B0RBSXSNWv0wcppZ9","I DON'T LOVE YOU ANYMORE","Tyler, The Creator","IGOR","1","11","161200","spotify:user:jmlern16","2019-06-29T18:57:04Z"
"spotify:track:4cTm3Ev9bUvy4ChJjB1nhl","Juicy","Doja Cat","Amala (Deluxe Version)","1","14","199586","spotify:user:jmlern16","2019-06-29T18:57:08Z"
"spotify:track:4CDzxLnX6f8IpaFo0Na51x","Got Muscle (feat. Peewee Longway & WaveIQ)","GoldLink, Peewee Longway, WaveIQ","Got Muscle (feat. Peewee Longway & WaveIQ)","1","1","178851","spotify:user:jmlern16","2019-06-29T18:57:15Z"
"spotify:track:4AFGAXKRA8XpLnWJBlDCkC","Lounar","tobi lou","tobi lou and the Moon","1","2","238400","spotify:user:jmlern16","2019-06-29T18:57:22Z"
"spotify:track:6Km73Tlvi4yS2e4XaIuXek","23","Rejjie Snow, Your Smith","Dear Annie","1","4","181613","spotify:user:jmlern16","2019-06-29T18:57:26Z"
"spotify:track:0nXyCNdS6fkZNP11DwGq1i","Lucy","Still Woozy, ODIE","Lucy","1","1","142500","spotify:user:jmlern16","2019-06-29T18:57:30Z"
"spotify:track:6GCIYIWUBSLontW6divqsw","Stay Flo","Solange","When I Get Home","1","6","175706","spotify:user:jmlern16","2019-06-29T18:57:42Z"
"spotify:track:06BLANboqUEnvBHJH0aViQ","Glass Flows","Smino, Ravyn Lenae","blkswn","1","3","188209","spotify:user:jmlern16","2019-06-29T18:57:46Z"
"spotify:track:0WpDeBJ22LcwF4QoERQOTv","Hungry Hippo","Tierra Whack","Whack World","1","7","60000","spotify:user:jmlern16","2019-06-29T18:57:57Z"
"spotify:track:5veS4mRwlc4lOsfXKdhqZD","Lobby Kall","Smino","blkswn","1","8","164350","spotify:user:jmlern16","2019-06-29T18:58:05Z"
"spotify:track:0IUWe1lprVhev4JwubwNMF","Fruit Salad","Tierra Whack","Whack World","1","11","60000","spotify:user:jmlern16","2019-06-29T18:58:08Z"
"spotify:track:4l7oD6415mxY0uSppVUUjX","On GOD (with YG & Tyga feat. A$AP Ferg & A$AP Rocky)","Mustard, YG, Tyga, A$AP Ferg, A$AP Rocky","On GOD (with YG & Tyga feat. A$AP Ferg & A$AP Rocky)","1","1","263126","spotify:user:jmlern16","2019-07-01T01:36:03Z"
"spotify:track:1JqcZQCnxjDOfZZwQidb1H","Broke","Samm Henshaw","Broke","1","1","207722","spotify:user:jmlern16","2019-07-03T14:49:31Z"
"spotify:track:6JvfBzqZmSiEG5MjM7OcSY","Diddy Bop (feat. Cam O'bi & Raury)","Noname, Cam O'bi, Raury","Telefone","1","3","208000","spotify:user:jmlern16","2019-07-04T15:39:15Z"
"spotify:track:36J0iaPDGbYGsHvYpaYs3k","Down Bad (feat. JID, Bas, J. Cole, EARTHGANG & Young Nudy)","Dreamville, JID, Bas, J. Cole, EARTHGANG, Young Nudy","Revenge Of The Dreamers III","1","2","169146","spotify:user:jmlern16","2019-07-06T16:11:04Z"
"spotify:track:7dnSXaCjLdFiWZa8s5wP1n","Self Love (with Ari Lennox & Bas feat. Baby Rose)","Dreamville, Ari Lennox, Bas, Baby Rose","Revenge Of The Dreamers III","1","9","223013","spotify:user:jmlern16","2019-07-06T17:01:36Z"
"spotify:track:3QBnJDkME3teXvf52Sfslk","Ladies, Ladies, Ladies (with JID feat. T.I.)","Dreamville, JID, T.I.","Revenge Of The Dreamers III","1","10","167786","spotify:user:jmlern16","2019-07-06T17:01:41Z"
"spotify:track:4uK0ifG1tM80qoJz6WV4eP","Bissonnet","Maxo Kream","Brandon Banks","1","2","143581","spotify:user:jmlern16","2019-07-30T18:17:58Z"
"spotify:track:7wTA0NKIm6T7nP2kaymU2a","Sacrifices (with EARTHGANG & J. Cole feat. Smino & Saba)","Dreamville, EARTHGANG, J. Cole, Smino, Saba","Revenge Of The Dreamers III","1","18","382306","spotify:user:jmlern16","2019-07-30T18:18:07Z"
"spotify:track:6nBQFAIVFmAx2oZ8p6lUg6","Tempo (feat. Missy Elliott)","Lizzo, Missy Elliott","Cuz I Love You","1","7","175342","spotify:user:jmlern16","2019-07-30T18:18:11Z"
"spotify:track:6gxJg7WCL5xdQCyhm4COF2","Drizzy Draco","Maxo Kream","Brandon Banks","1","7","155846","spotify:user:jmlern16","2019-07-30T18:22:51Z"
"spotify:track:6AJluzEVznFF238cXG5fo8","Spice Ln.","Maxo Kream","Brandon Banks","1","9","202309","spotify:user:jmlern16","2019-07-30T18:24:37Z"
"spotify:track:7t5MUcFIIayP1M6TNhtWE0","Summer Time High Time","Cuco, J-Kwe$t","Chiquito","1","4","208067","spotify:user:jmlern16","2019-08-13T06:54:04Z"
"spotify:track:6y5CTUxwSD9yM8656nqOEV","Ipanema","Still Woozy, Omar Apollo, Elujay","Lately","1","2","127044","spotify:user:jmlern16","2019-08-13T06:54:13Z"
"spotify:track:54twSJr4f3abwuxtjiYIUv","Bring Yo Friends","Tunji Ige","Missed Calls","1","5","217368","spotify:user:jmlern16","2019-08-13T06:54:20Z"
"spotify:track:4Ab4XTzaXVcMWn7FQe6fNa","Cleaner Air","Yeek","IDK WHERE","1","1","128129","spotify:user:jmlern16","2019-08-13T06:54:38Z"
"spotify:track:3tA12hlBltPtw6ArshsopB","The Relays (feat. Travis Scott)","Maxo Kream, Travis Scott","Brandon Banks","1","4","177060","spotify:user:jmlern16","2019-08-15T19:09:17Z"
"spotify:track:5ry2OE6R2zPQFDO85XkgRb","Money In The Grave (Drake ft. Rick Ross)","Drake, Rick Ross","The Best In The World Pack","1","2","205426","spotify:user:jmlern16","2019-08-15T19:09:28Z"
"spotify:track:5pAbCxt9e3f81lOmjIXwzd","Be Honest (feat. Burna Boy)","Jorja Smith, Burna Boy","Be Honest (feat. Burna Boy)","1","1","207030","spotify:user:jmlern16","2019-08-17T21:45:40Z"
"spotify:track:4tMZoPR9v4kvICAPyknxpa","Meet Again","Maxo Kream","Brandon Banks","1","1","320200","spotify:user:jmlern16","2019-08-18T15:52:08Z"
"spotify:track:7L5P30Eg8eta8Q9em2VteI","South","Galimatias","South","1","1","215526","spotify:user:jmlern16","2019-08-18T15:53:19Z"
"spotify:track:6ozeZmqTJIyMEhcv9B2jm3","Jesus Forgive Me, I Am A Thot","JPEGMAFIA","Jesus Forgive Me, I Am A Thot","1","1","156533","spotify:user:jmlern16","2019-08-20T23:44:48Z"
"spotify:track:5V5MUoJUc1NINhZrmk063n","Been Around","YBN Cordae","The Lost Boy","1","11","203702","spotify:user:jmlern16","2019-08-20T23:47:18Z"
"spotify:track:3d65swPOxko76ZQL5WEQfH","Screwed Up","Cousin Stizz","Monda","1","13","234106","spotify:user:jmlern16","2019-08-20T23:48:50Z"
"spotify:track:0ssVSd3juASNuehS9LWMFW","Black Tux, White Collar","A$AP Rocky","TESTING","1","14","162986","spotify:user:jmlern16","2019-08-20T23:49:01Z"
"spotify:track:4sLVtAcQka1EIjeqgzRu3c","Foreign Hoes","SwuM","Foreign Hoes","1","1","219166","spotify:user:jmlern16","2019-08-20T23:49:20Z"
"spotify:track:4cSIwCwHBx80sXjBeb9Uw1","Feel It Still - Flatbush Zombies Remix","Portugal. The Man, Flatbush Zombies","Feel It Still (Flatbush Zombies Remix)","1","1","206582","spotify:user:jmlern16","2019-08-20T23:49:27Z"
"spotify:track:2WlOO5UM3eoEQt7Z2z3PU1","Might Be","Anderson .Paak","Venice","1","4","237165","spotify:user:jmlern16","2019-08-20T23:50:02Z"
"spotify:track:2q35pHabpVH0UPBfDXskvP","Rolling Papers","Domo Genesis, Tyler, The Creator","12 Odd Future Songs","1","6","172840","spotify:user:jmlern16","2019-08-22T16:45:54Z"
"spotify:track:00ko9WaS4jOX1kEk3gvHjf","Hot Shower","Chance the Rapper, MadeinTYO, DaBaby","The Big Day","1","4","225923","spotify:user:jmlern16","2019-08-27T18:49:05Z"
"spotify:track:7LjRPqtlYb2qyqUmKOwKuz","Nirvana (with Falcons & B. Lewis)","Bas, Falcons, B. Lewis","Spilled Milk 1","1","3","165953","spotify:user:jmlern16","2019-08-27T20:01:35Z"
"spotify:track:7d19457woBxmPRCq255YqM","The Race - Remix","Tay-K, 21 Savage, Young Nudy","#SantanaWorld (+)","1","9","211875","spotify:user:jmlern16","2019-08-28T13:45:30Z"
"spotify:track:5WnfnSpuNEGXyEt78PBA6d","Costa Rica (with Bas & JID feat. Guapdad 4000, Reese LAFLARE, Jace, Mez, Smokepurpp, Buddy & Ski Mask The Slump God)","Dreamville, Bas, JID, Guapdad 4000, Reese LAFLARE, Jace, Mez, Smokepurpp, Buddy, Ski Mask The Slump God","Revenge Of The Dreamers III","1","11","217866","spotify:user:jmlern16","2019-08-28T13:48:26Z"
"spotify:track:67cpn8ZBO7QU67jky8Fh47","How You Feel? (Freestyle) (feat. Lil Yachty, Danny Towers & Ski Mask The Slump God)","DJ Scheme, Lil Yachty, Danny Towers, Ski Mask The Slump God","Preseason EP","1","2","135022","spotify:user:jmlern16","2019-08-28T13:54:42Z"
"spotify:track:643PW82aBMUa1FiWi5VQY7","Babushka Boi","A$AP Rocky","Babushka Boi","1","1","187105","spotify:user:jmlern16","2019-08-28T14:30:11Z"
"spotify:track:0EgmhYPgButfoBvtnidyR0","Song 32","Noname","Song 32","1","1","162496","spotify:user:jmlern16","2019-09-06T13:38:42Z"
"spotify:track:4sFzG7iUlyPmuyASCkre9A","Hair Down (feat. Kendrick Lamar)","SiR, Kendrick Lamar","Chasing Summer","1","1","216933","spotify:user:jmlern16","2019-09-06T16:43:15Z"
"spotify:track:5ibTi2YwtvbB1bTOv2I93d","John Redcorn","SiR","Chasing Summer","1","2","187893","spotify:user:jmlern16","2019-09-06T16:43:17Z"
"spotify:track:7mYvtEeBdMqRSyj1Qpv6my","Hot Boyz","Missy Elliott","Da Real World","1","6","215466","spotify:user:jmlern16","2019-09-11T16:51:56Z"
"spotify:track:60BVxPevV4Jr3Dj4M7Md0z","Good Lovin","Ludacris, Miguel","Ludaversal","1","10","223440","spotify:user:jmlern16","2019-09-13T04:39:42Z"
"spotify:track:4ESGX4m3mDBO5HHXGjNReE","Can't Waste Time","YGTUT","I.O.U.","1","7","216375","spotify:user:jmlern16","2019-09-17T15:02:48Z"
"spotify:track:4LGg2NY9eHp0jF3L1WbCNl","Wildin'","Berhana","Wildin'","1","1","139613","spotify:user:jmlern16","2019-09-18T15:32:10Z"
"spotify:track:3qc67Hflqzvw3hShw2phgG","Throw It Back","Missy Elliott","ICONOLOGY","1","1","192813","spotify:user:jmlern16","2019-09-19T17:16:26Z"
"spotify:track:2NNPnxOunTgqFNlCrG4jcQ","Mortal Kombat","Pivot Gang, Kari Faux, Joseph Chilliams, Saba","You Can't Sit With Us","1","3","211153","spotify:user:jmlern16","2019-09-26T15:15:01Z"
"spotify:track:3tsFWhe45D6CGFSMA77T3B","Trouble On Central","Buddy","Harlan & Alondra","1","6","187426","spotify:user:jmlern16","2019-09-28T03:21:58Z"
"spotify:track:6lfYEDqBMdeqNEszf5tQ9Q","Fire","SiR","Chasing Summer","1","5","153560","spotify:user:jmlern16","2019-09-28T03:22:10Z"
"spotify:track:4fs8ivWpMFLziD20LglPmZ","SoHo Freestyle","Pivot Gang, Kota the Friend","Two Piece Tour Pack","1","1","214050","spotify:user:jmlern16","2019-09-30T14:29:56Z"
"spotify:track:4MAADpR6MjelkaZqe3Mgnv","Elastic","Joey Purp","QUARTERTHING","1","4","126385","spotify:user:jmlern16","2019-10-08T17:18:27Z"
"spotify:track:1Np92e0PSE4OzqZyGFTOsh","Trina","Smino","Trina","1","1","141653","spotify:user:jmlern16","2019-11-02T16:27:11Z"
"spotify:track:5OuPKLNJjsBsyRZ9PjTRTj","Hollyhood (feat. Kent Jamz)","Buddy, Kent Jamz","Hollyhood (feat. Kent Jamz)","1","1","171459","spotify:user:jmlern16","2019-11-02T16:27:36Z"
"spotify:track:1vlQ6COEz1AXKMTZYlbHdQ","Colbert","Pivot Gang, Joseph Chilliams, Saba, Frsh Waters","You Can't Sit With Us","1","2","213718","spotify:user:jmlern16","2019-11-02T16:27:47Z"
"spotify:track:2QDFsehUg5Fui2LOVpCw3Q","Risk","FKJ, Bas","Risk","1","1","238834","spotify:user:jmlern16","2019-11-14T00:36:41Z"
"spotify:track:5hIg7J1i50XLG7bPKQM6O5","Rollinem 7's","N.E.R.D, André 3000, Pharrell Williams","NO ONE EVER REALLY DIES","1","8","309453","spotify:user:jmlern16","2019-11-20T21:50:32Z"
